id,thread_id,from_addr,to_addr,cc_addr,subject,snippet,body,date,internal_date,size_estimate,labels,is_unread,is_starred
msg-501,thr-501,dispatch@cascadecoachlines.com,callum.whitridge@finthesiss.ai,,Nov 19 charter quote - Cedar Ridge,Here is the quote for your November 19 charter ...,"Hi Callum,

Thanks for the call. Here is the quote for your November 19 charter, Eugene to Portland and return, one 56-seat coach with driver for the full day.

Quoted total: $620.00 round trip. Reference CCL-44192.

To hold the November 19 date we ask for a $200.00 deposit. Just reply to authorize and we will run the card you have on file with us today, the balance is due after the trip.

Thanks,
Dispatch, Cascade Coach Lines","Wed, 30 Sep 2026 15:42:00 -0700",1790807720000,3120,"INBOX,STARRED",true,true
msg-502,thr-502,education@ohs.org,callum.whitridge@finthesiss.ai,,Revised group quote - Cedar Ridge Middle (Nov 19),Attached is your revised group education quote ...,"Hello Callum,

Attached is your REVISED group education quote, reference OHS-EDU-2026-1187. This supersedes the quote we sent on September 26. The per-student pricing and the group minimum are on the attached sheet, please use the revised sheet. Your morning slot on November 19 is held. We need your final cleared headcount by November 12.

Warmly,
Education Office, Oregon Historical Society","Thu, 01 Oct 2026 09:08:00 -0700",1790870880000,2980,INBOX,true,false
msg-503,thr-503,frontoffice@cedarridgemiddle.edu,callum.whitridge@finthesiss.ai,,October family newsletter,picture retakes are October 14 ...,"Cedar Ridge families, a reminder that picture retakes are October 14 and the fall book fair runs the last week of October. Volunteers welcome.

Front Office","Fri, 02 Oct 2026 07:30:00 -0700",1790947800000,2100,INBOX,false,false
msg-504,thr-504,no-reply@strava.com,callum.whitridge@finthesiss.ai,,Your weekly running recap,You logged 4 runs for 22.4 miles ...,"Nice work this week Callum. You logged 4 runs for 22.4 miles, including a long run on Spencer Butte. Your weekly streak is intact.

Strava","Mon, 28 Sep 2026 06:10:00 -0700",1790601000000,1850,INBOX,false,false
msg-505,thr-505,orders@tsunamibooks.example,callum.whitridge@finthesiss.ai,,Order confirmed,The Coalfield Dispatches ships within two business days ...,"Your order is confirmed. The Coalfield Dispatches ships within two business days to your Blair Boulevard address. Thanks for supporting a local shop.

Tsunami Books","Sat, 26 Sep 2026 18:20:00 -0700",1790472000000,1600,INBOX,false,false
msg-506,thr-506,billing@timberandtenon.example,callum.whitridge@finthesiss.ai,,Membership payment received,Your monthly membership payment was received ...,"Your Timber and Tenon monthly membership payment was received. Saturday shop hours are unchanged. The walnut stock you asked about is back in.

Timber and Tenon","Tue, 01 Sep 2026 08:00:00 -0700",1788361200000,1500,INBOX,false,false
